sku,name,brand,category,price,short_description,long_description,attributes
SKU-0001,Sony WH-1000XM5,Sony,Headphones,379.0,Class-leading noise cancellation with all-day comfort.,"Presented by Fnac.fr. Sony's WH-1000XM5 pair adaptive noise cancellation with a light, refined design for travel and focused work. Up to 30 hours of battery, crisp hands-free calls, and multipoint Bluetooth make them an easy everyday choice.","{""color"": ""Black"", ""connectivity"": ""Bluetooth"", ""noise_cancellation"": ""Yes"", ""battery_life_hours"": 30, ""weight_g"": 250}"
SKU-0002,Bose QuietComfort Ultra,Bose,Headphones,449.0,Immersive audio and deep noise cancellation for travel.,"Presented by Fnac.fr. The QuietComfort Ultra deliver Bose's signature noise cancellation with spatial audio for a wider soundstage. A plush fit and clear call quality suit long flights and busy commutes, with around 24 hours of wireless playback.","{""color"": ""Black"", ""connectivity"": ""Bluetooth"", ""noise_cancellation"": ""Yes"", ""battery_life_hours"": 24, ""weight_g"": 254}"
SKU-0003,Sennheiser Momentum 4 Wireless,Sennheiser,Headphones,299.0,Refined sound and very long battery life.,"Presented by Fnac.fr. The Momentum 4 Wireless focus on natural, detailed audio with adaptive noise cancellation for daily listening. With up to 60 hours per charge, they are built for travellers and remote workers who want fewer top-ups.","{""color"": ""Black"", ""connectivity"": ""Bluetooth"", ""noise_cancellation"": ""Yes"", ""battery_life_hours"": 60, ""weight_g"": 293}"
SKU-0004,Apple AirPods Max,Apple,Headphones,549.0,Spatial audio and active noise cancellation for the Apple ecosystem.,Presented by Fnac.fr. AirPods Max combine active noise cancellation with spatial audio and seamless switching across Apple devices. A machined aluminium build and Digital Crown controls make them a comfortable pick for iPhone and Mac users.,"{""color"": ""Space Grey"", ""connectivity"": ""Bluetooth"", ""noise_cancellation"": ""Yes"", ""battery_life_hours"": 20, ""weight_g"": 384}"
SKU-0005,JBL Tour One M2,JBL,Headphones,249.0,"Adaptive noise cancellation with punchy, tunable sound.",Presented by Fnac.fr. The Tour One M2 offer adaptive noise cancellation and an app EQ for listeners who like to tune their sound. Up to 50 hours of battery and a foldable design make them practical for daily commuting.,"{""color"": ""Black"", ""connectivity"": ""Bluetooth"", ""noise_cancellation"": ""Yes"", ""battery_life_hours"": 50, ""weight_g"": 268}"
SKU-0006,Beats Studio Pro,Beats,Headphones,349.0,Active noise cancellation with cross-platform support.,"Presented by Fnac.fr. Beats Studio Pro deliver active noise cancellation and personalised spatial audio, with native pairing on both iOS and Android. USB-C lossless playback and around 40 hours of battery suit everyday listening and calls.","{""color"": ""Navy"", ""connectivity"": ""Wired + Bluetooth"", ""noise_cancellation"": ""Yes"", ""battery_life_hours"": 40, ""weight_g"": 260}"
SKU-0007,Audio-Technica ATH-M50xBT2,Audio-Technica,Headphones,199.0,Studio-style monitoring sound in a wireless design.,"Presented by Fnac.fr. The ATH-M50xBT2 bring the studio-monitor tuning of the M50x to a wireless headset for creators and home listeners. With about 50 hours of battery, multipoint pairing, and a wired option, they fit both work and play.","{""color"": ""Black"", ""connectivity"": ""Wired + Bluetooth"", ""noise_cancellation"": ""No"", ""battery_life_hours"": 50, ""weight_g"": 307}"
SKU-0008,Marshall Major V,Marshall,Headphones,149.0,Compact on-ear headphones with very long battery life.,Presented by Fnac.fr. The Major V keep Marshall's classic on-ear styling with wireless charging and over 100 hours of playback. A folding frame and the signature control knob make them a portable choice for casual listening.,"{""color"": ""Black"", ""connectivity"": ""Bluetooth"", ""noise_cancellation"": ""No"", ""battery_life_hours"": 100, ""weight_g"": 186}"
SKU-0009,Anker Soundcore Space One,Anker,Headphones,99.0,Affordable active noise cancellation for everyday use.,Presented by Fnac.fr. The Soundcore Space One bring adaptive active noise cancellation to a budget-friendly over-ear design. Around 40 hours of battery with cancellation on and a lightweight fit make them a value pick for commuting and study.,"{""color"": ""Blue"", ""connectivity"": ""Bluetooth"", ""noise_cancellation"": ""Yes"", ""battery_life_hours"": 40, ""weight_g"": 265}"
SKU-0010,Apple AirPods Pro 2 (USB-C),Apple,Wireless Earbuds,279.0,Active noise cancellation tuned for the Apple ecosystem.,Presented by Fnac.fr. AirPods Pro 2 offer adaptive noise cancellation and transparency mode with quick switching across Apple devices. The USB-C case adds water resistance and the buds deliver around 6 hours of listening per charge.,"{""color"": ""White"", ""noise_cancellation"": ""Yes"", ""battery_life_hours"": 6, ""water_resistance"": ""IP67"", ""case_charging"": ""USB-C + Wireless""}"
SKU-0011,Sony WF-1000XM5,Sony,Wireless Earbuds,319.0,Compact earbuds with strong noise cancellation.,"Presented by Fnac.fr. The WF-1000XM5 shrink Sony's noise cancellation into a smaller, lighter shell for travel and calls. Up to 8 hours of playback per charge, clear hands-free voice pickup, and a wireless-charging case round out the package.","{""color"": ""Black"", ""noise_cancellation"": ""Yes"", ""battery_life_hours"": 8, ""water_resistance"": ""IPX4"", ""case_charging"": ""USB-C + Wireless""}"
SKU-0012,Bose QuietComfort Ultra Earbuds,Bose,Wireless Earbuds,299.0,Deep noise cancellation with immersive audio.,Presented by Fnac.fr. The QuietComfort Ultra Earbuds combine class-leading cancellation with Bose's immersive spatial sound. A secure fit and around 6 hours of playback suit commuters who want quiet on the go.,"{""color"": ""Black"", ""noise_cancellation"": ""Yes"", ""battery_life_hours"": 6, ""water_resistance"": ""IPX4"", ""case_charging"": ""USB-C""}"
SKU-0013,Samsung Galaxy Buds3 Pro,Samsung,Wireless Earbuds,249.0,Adaptive noise cancellation tuned for Galaxy phones.,Presented by Fnac.fr. The Galaxy Buds3 Pro offer adaptive noise cancellation and 24-bit audio with tight Galaxy integration. About 7 hours of listening and a comfortable stem design make them a natural pick for Samsung users.,"{""color"": ""Silver"", ""noise_cancellation"": ""Yes"", ""battery_life_hours"": 7, ""water_resistance"": ""IPX7"", ""case_charging"": ""USB-C + Wireless""}"
SKU-0014,Sennheiser Momentum True Wireless 4,Sennheiser,Wireless Earbuds,299.0,Detailed sound with adaptive noise cancellation.,"Presented by Fnac.fr. The Momentum True Wireless 4 focus on natural, detailed audio with adaptive cancellation and a long-lasting case. Up to 7.5 hours per charge and a customisable app EQ appeal to listeners who value sound quality.","{""color"": ""Black"", ""noise_cancellation"": ""Yes"", ""battery_life_hours"": 7, ""water_resistance"": ""IPX4"", ""case_charging"": ""USB-C + Wireless""}"
SKU-0015,Jabra Elite 10 Gen 2,Jabra,Wireless Earbuds,229.0,Comfortable buds with spatial sound and reliable calls.,"Presented by Fnac.fr. The Elite 10 Gen 2 use a semi-open fit for comfort, with adaptive noise cancellation and Dolby spatial audio. Around 6 hours of playback and dependable call clarity make them a solid all-day choice.","{""color"": ""Titanium Black"", ""noise_cancellation"": ""Yes"", ""battery_life_hours"": 6, ""water_resistance"": ""IP67"", ""case_charging"": ""USB-C + Wireless""}"
SKU-0016,Google Pixel Buds Pro 2,Google,Wireless Earbuds,229.0,Active noise cancellation built for Pixel and Android.,Presented by Fnac.fr. The Pixel Buds Pro 2 add active noise cancellation and on-device features tuned for Android and Pixel phones. About 8 hours of playback and a lighter design make them comfortable for long listening sessions.,"{""color"": ""Hazel"", ""noise_cancellation"": ""Yes"", ""battery_life_hours"": 8, ""water_resistance"": ""IPX4"", ""case_charging"": ""USB-C + Wireless""}"
SKU-0017,Nothing Ear (a),Nothing,Wireless Earbuds,99.0,Bright design and noise cancellation at a low price.,Presented by Fnac.fr. The Nothing Ear (a) bring active noise cancellation and a distinctive transparent design to an affordable tier. Up to 9.5 hours of playback per charge and an app EQ make them a value-focused everyday option.,"{""color"": ""Yellow"", ""noise_cancellation"": ""Yes"", ""battery_life_hours"": 9, ""water_resistance"": ""IPX5"", ""case_charging"": ""USB-C""}"
SKU-0018,Anker Soundcore Liberty 4 NC,Anker,Wireless Earbuds,99.0,Adaptive noise cancellation with long battery life.,Presented by Fnac.fr. The Soundcore Liberty 4 NC pair adaptive cancellation with a secure fit for commuting and workouts. Up to 10 hours of listening per charge and a wireless-charging case make them a strong budget pick.,"{""color"": ""Black"", ""noise_cancellation"": ""Yes"", ""battery_life_hours"": 10, ""water_resistance"": ""IPX4"", ""case_charging"": ""USB-C + Wireless""}"
SKU-0019,JBL Charge 5,JBL,Bluetooth Speakers,159.0,Rugged portable speaker that doubles as a power bank.,"Presented by Fnac.fr. The Charge 5 delivers loud, balanced sound with an IP67 rating for outdoor use, plus a USB port to charge your phone. Up to 20 hours of playtime makes it a dependable companion for trips and gatherings.","{""color"": ""Black"", ""power_output_w"": 40, ""battery_life_hours"": 20, ""water_resistance"": ""IP67"", ""weight_g"": 960}"
SKU-0020,Bose SoundLink Flex,Bose,Bluetooth Speakers,149.0,Compact waterproof speaker with full sound.,"Presented by Fnac.fr. The SoundLink Flex packs surprisingly full sound into a pocketable, IP67-rated body that floats. With around 12 hours of battery and a utility loop for hanging, it suits the beach, the shower, or the backpack.","{""color"": ""Stone Blue"", ""power_output_w"": 20, ""battery_life_hours"": 12, ""water_resistance"": ""IP67"", ""weight_g"": 590}"
SKU-0021,Sonos Move 2,Sonos,Bluetooth Speakers,449.0,Portable smart speaker with room-filling stereo sound.,"Presented by Fnac.fr. The Move 2 brings stereo sound and Wi-Fi streaming to a portable, weather-resistant design that works at home or outdoors. Up to 24 hours of battery and automatic tuning make it a flexible all-rounder.","{""color"": ""Black"", ""power_output_w"": 80, ""battery_life_hours"": 24, ""water_resistance"": ""IPX4"", ""weight_g"": 3000}"
SKU-0022,Ultimate Ears BOOM 4,Ultimate Ears,Bluetooth Speakers,129.0,"360-degree sound in a rugged, waterproof barrel.","Presented by Fnac.fr. The BOOM 4 delivers 360-degree audio in a durable, IP67-rated body built to take a knock. With about 15 hours of battery and a buoyant design, it is made for poolside and outdoor use.","{""color"": ""Black"", ""power_output_w"": 30, ""battery_life_hours"": 15, ""water_resistance"": ""IP67"", ""weight_g"": 640}"
SKU-0023,Sony ULT Field 1,Sony,Bluetooth Speakers,129.0,Compact speaker with extra bass for outdoor listening.,"Presented by Fnac.fr. The ULT Field 1 adds a dedicated bass boost button to a compact, IP67-rated design for parties on the move. Up to 12 hours of battery and a carry strap make it easy to take anywhere.","{""color"": ""Black"", ""power_output_w"": 30, ""battery_life_hours"": 12, ""water_resistance"": ""IP67"", ""weight_g"": 640}"
SKU-0024,Marshall Emberton III,Marshall,Bluetooth Speakers,169.0,Vintage-styled portable speaker with 360-degree sound.,Presented by Fnac.fr. The Emberton III wraps 360-degree audio in Marshall's classic styling with an IP67-rated body. Around 32 hours of battery and a compact form make it a stylish choice for desk or travel.,"{""color"": ""Black"", ""power_output_w"": 30, ""battery_life_hours"": 32, ""water_resistance"": ""IP67"", ""weight_g"": 700}"
SKU-0025,Anker Soundcore Motion 300,Anker,Bluetooth Speakers,79.0,Affordable hi-res speaker with wide stereo sound.,Presented by Fnac.fr. The Soundcore Motion 300 supports hi-res audio with a wide stereo field at a budget-friendly price. An IPX7 rating and up to 13 hours of battery make it a versatile pick for home and outdoor use.,"{""color"": ""Blue"", ""power_output_w"": 30, ""battery_life_hours"": 13, ""water_resistance"": ""IPX7"", ""weight_g"": 750}"
SKU-0026,Bang & Olufsen Beosound A1 (2nd Gen),Bang & Olufsen,Bluetooth Speakers,279.0,Premium portable speaker with refined sound.,"Presented by Fnac.fr. The Beosound A1 pairs an aluminium design with balanced, room-filling sound and voice assistant support. An IP67 rating and around 18 hours of battery make it a premium grab-and-go option.","{""color"": ""Black"", ""power_output_w"": 140, ""battery_life_hours"": 18, ""water_resistance"": ""IP67"", ""weight_g"": 600}"
SKU-0027,Tribit StormBox Micro 2,Tribit,Bluetooth Speakers,59.0,Pocket-sized speaker with a built-in strap.,"Presented by Fnac.fr. The StormBox Micro 2 fits in a palm yet delivers clear sound, with a strap to clip onto a bag or bike. An IP67 rating and about 12 hours of battery make it a handy travel and outdoor speaker.","{""color"": ""Black"", ""power_output_w"": 10, ""battery_life_hours"": 12, ""water_resistance"": ""IP67"", ""weight_g"": 290}"
SKU-0028,Apple MacBook Air 13 (M3),Apple,Laptops,1199.0,"Thin, fanless laptop with all-day battery for everyday work.","Presented by Fnac.fr. The MacBook Air 13 with the M3 chip handles everyday work and creative tasks in a silent, fanless design. A bright Liquid Retina display and long battery life make it a portable choice for students and professionals.","{""color"": ""Midnight"", ""screen_size_in"": 13.6, ""ram_gb"": 16, ""storage_gb"": 512, ""processor"": ""Apple M3"", ""operating_system"": ""macOS""}"
SKU-0029,Dell XPS 13,Dell,Laptops,1299.0,Compact premium ultrabook for productivity on the move.,Presented by Fnac.fr. The Dell XPS 13 pairs a sharp display with a slim aluminium chassis for mobile professionals. Efficient Intel processors and a comfortable keyboard make it a capable daily driver for office and travel.,"{""color"": ""Platinum"", ""screen_size_in"": 13.4, ""ram_gb"": 16, ""storage_gb"": 512, ""processor"": ""Intel Core Ultra 7"", ""operating_system"": ""Windows 11""}"
SKU-0030,Lenovo ThinkPad X1 Carbon Gen 12,Lenovo,Laptops,1699.0,Lightweight business laptop with a durable build.,Presented by Fnac.fr. The ThinkPad X1 Carbon Gen 12 combines a light carbon-fibre chassis with a renowned keyboard for business users. Strong security features and a matte display make it a dependable choice for work and travel.,"{""color"": ""Black"", ""screen_size_in"": 14.0, ""ram_gb"": 32, ""storage_gb"": 1024, ""processor"": ""Intel Core Ultra 7"", ""operating_system"": ""Windows 11""}"
SKU-0031,ASUS ROG Zephyrus G14,ASUS,Laptops,1899.0,Compact gaming laptop with a high-refresh OLED display.,Presented by Fnac.fr. The ROG Zephyrus G14 packs discrete graphics and a fast OLED display into a 14-inch chassis for gaming and creative work. A solid build and capable cooling make it a portable performance option.,"{""color"": ""Platinum White"", ""screen_size_in"": 14.0, ""ram_gb"": 32, ""storage_gb"": 1024, ""processor"": ""AMD Ryzen 9"", ""operating_system"": ""Windows 11""}"
SKU-0032,HP Spectre x360 14,HP,Laptops,1549.0,Convertible laptop with a bright OLED touchscreen.,Presented by Fnac.fr. The Spectre x360 14 folds into a tablet and stylus-ready slate for flexible note-taking and presentations. A vivid OLED touchscreen and premium build suit professionals who want a 2-in-1.,"{""color"": ""Nightfall Black"", ""screen_size_in"": 14.0, ""ram_gb"": 16, ""storage_gb"": 1024, ""processor"": ""Intel Core Ultra 7"", ""operating_system"": ""Windows 11""}"
SKU-0033,Acer Swift Go 14,Acer,Laptops,899.0,Lightweight everyday laptop with a crisp display.,Presented by Fnac.fr. The Swift Go 14 offers a light chassis and an OLED display for students and everyday productivity. A balanced set of ports and solid battery life make it a practical mid-range pick.,"{""color"": ""Silver"", ""screen_size_in"": 14.0, ""ram_gb"": 16, ""storage_gb"": 512, ""processor"": ""Intel Core Ultra 5"", ""operating_system"": ""Windows 11""}"
SKU-0034,Microsoft Surface Laptop 7,Microsoft,Laptops,1199.0,Sleek laptop with a touchscreen and long battery life.,Presented by Fnac.fr. The Surface Laptop 7 combines an Arm-based processor with a touchscreen and quiet operation for office work. Long battery life and a clean design make it a comfortable choice for daily productivity.,"{""color"": ""Sapphire"", ""screen_size_in"": 13.8, ""ram_gb"": 16, ""storage_gb"": 512, ""processor"": ""Snapdragon X Elite"", ""operating_system"": ""Windows 11""}"
SKU-0035,Google Pixelbook Go,Google,Laptops,649.0,Lightweight ChromeOS laptop for web-first workflows.,"Presented by Fnac.fr. The Pixelbook Go runs ChromeOS for fast, web-focused work with a comfortable keyboard and long battery life. Its light design and quick boot make it a simple option for browsing, documents, and study.","{""color"": ""Just Black"", ""screen_size_in"": 13.3, ""ram_gb"": 16, ""storage_gb"": 256, ""processor"": ""Intel Core i5"", ""operating_system"": ""ChromeOS""}"
SKU-0036,Framework Laptop 13,Framework,Laptops,1099.0,"Repairable, upgradeable laptop with swappable ports.","Presented by Fnac.fr. The Framework Laptop 13 is built for repair and upgrades, with user-replaceable parts and swappable expansion cards. It ships ready for Windows or Linux, appealing to tinkerers and longevity-minded buyers.","{""color"": ""Silver"", ""screen_size_in"": 13.5, ""ram_gb"": 32, ""storage_gb"": 1024, ""processor"": ""Intel Core Ultra 7"", ""operating_system"": ""Linux""}"
SKU-0037,Apple iPad Air 11 (M2),Apple,Tablets,699.0,Versatile tablet for creativity and everyday use.,"Presented by Fnac.fr. The iPad Air 11 with the M2 chip handles drawing, note-taking, and media with Apple Pencil Pro support. A bright Liquid Retina display and strong app library make it a flexible everyday tablet.","{""color"": ""Blue"", ""screen_size_in"": 11.0, ""storage_gb"": 128, ""connectivity"": ""Wi-Fi"", ""operating_system"": ""iPadOS""}"
SKU-0038,Apple iPad Pro 13 (M4),Apple,Tablets,1499.0,High-performance tablet with a tandem OLED display.,Presented by Fnac.fr. The iPad Pro 13 with the M4 chip targets creative professionals with a bright tandem OLED display. Apple Pencil Pro support and laptop-class performance make it a capable tool for art and video.,"{""color"": ""Space Black"", ""screen_size_in"": 13.0, ""storage_gb"": 512, ""connectivity"": ""Wi-Fi + Cellular"", ""operating_system"": ""iPadOS""}"
SKU-0039,Samsung Galaxy Tab S9,Samsung,Tablets,799.0,Premium Android tablet with an included S Pen.,Presented by Fnac.fr. The Galaxy Tab S9 pairs a vivid AMOLED display with a bundled S Pen for notes and sketching. A water-resistant design and desktop-style DeX mode make it productive at home or on the go.,"{""color"": ""Graphite"", ""screen_size_in"": 11.0, ""storage_gb"": 256, ""connectivity"": ""Wi-Fi"", ""operating_system"": ""Android""}"
SKU-0040,Samsung Galaxy Tab S9 FE,Samsung,Tablets,549.0,Mid-range Android tablet with S Pen support.,"Presented by Fnac.fr. The Galaxy Tab S9 FE offers a large display and bundled S Pen at a more accessible price. A durable, water-resistant build makes it a practical choice for study and casual creativity.","{""color"": ""Mint"", ""screen_size_in"": 10.9, ""storage_gb"": 128, ""connectivity"": ""Wi-Fi + Cellular"", ""operating_system"": ""Android""}"
SKU-0041,Lenovo Tab P12,Lenovo,Tablets,379.0,Large-screen tablet for media and family use.,"Presented by Fnac.fr. The Lenovo Tab P12 features a big, sharp display and bundled pen for media, browsing, and notes. Quad speakers and a long-lasting battery make it a comfortable tablet for the living room.","{""color"": ""Storm Grey"", ""screen_size_in"": 12.7, ""storage_gb"": 128, ""connectivity"": ""Wi-Fi"", ""operating_system"": ""Android""}"
SKU-0042,Microsoft Surface Pro 11,Microsoft,Tablets,1199.0,A tablet that runs full Windows with a kickstand.,"Presented by Fnac.fr. The Surface Pro 11 runs full Windows 11 in a tablet form, with a built-in kickstand and optional keyboard. An Arm-based processor and long battery life make it a flexible 2-in-1 for work.","{""color"": ""Platinum"", ""screen_size_in"": 13.0, ""storage_gb"": 256, ""connectivity"": ""Wi-Fi"", ""operating_system"": ""Windows 11""}"
SKU-0043,Xiaomi Pad 6,Xiaomi,Tablets,349.0,Affordable tablet with a high-refresh display.,Presented by Fnac.fr. The Xiaomi Pad 6 offers a smooth high-refresh display and capable performance at a value price. Quad speakers and solid battery life make it a good fit for streaming and light productivity.,"{""color"": ""Gravity Grey"", ""screen_size_in"": 11.0, ""storage_gb"": 128, ""connectivity"": ""Wi-Fi"", ""operating_system"": ""Android""}"
SKU-0044,Amazon Fire Max 11,Amazon,Tablets,249.0,"Budget tablet for media, reading, and browsing.","Presented by Fnac.fr. The Fire Max 11 provides a large screen and long battery life for streaming, reading, and web browsing. A sturdy aluminium build and optional keyboard make it a practical low-cost tablet.","{""color"": ""Grey"", ""screen_size_in"": 11.0, ""storage_gb"": 64, ""connectivity"": ""Wi-Fi"", ""operating_system"": ""Android""}"
SKU-0045,Apple iPad (10th gen),Apple,Tablets,449.0,Colourful everyday tablet for the whole household.,"Presented by Fnac.fr. The 10th-generation iPad brings a colourful, all-screen design for browsing, video, and schoolwork. Apple Pencil support and a wide app library make it an approachable everyday tablet.","{""color"": ""Yellow"", ""screen_size_in"": 10.9, ""storage_gb"": 64, ""connectivity"": ""Wi-Fi + Cellular"", ""operating_system"": ""iPadOS""}"
SKU-0046,Dell UltraSharp U2723QE,Dell,Monitors,599.0,Colour-accurate 4K monitor with USB-C hub.,Presented by Fnac.fr. The UltraSharp U2723QE delivers a sharp 4K IPS panel with wide colour coverage for creative and office work. A built-in USB-C hub with power delivery simplifies single-cable laptop setups.,"{""screen_size_in"": 27, ""resolution"": ""3840x2160"", ""refresh_rate_hz"": 60, ""panel_type"": ""IPS"", ""ports"": ""USB-C, HDMI, DisplayPort""}"
SKU-0047,LG UltraGear 27GP850,LG,Monitors,399.0,Fast IPS gaming monitor with high refresh rate.,Presented by Fnac.fr. The UltraGear 27GP850 pairs a 1440p IPS panel with a high refresh rate for responsive gaming. Quick response times and adaptive sync support make it a strong mid-range gaming display.,"{""screen_size_in"": 27, ""resolution"": ""2560x1440"", ""refresh_rate_hz"": 165, ""panel_type"": ""IPS"", ""ports"": ""HDMI, DisplayPort""}"
SKU-0048,Samsung Odyssey OLED G9,Samsung,Monitors,1299.0,Ultrawide OLED monitor for immersive gaming.,"Presented by Fnac.fr. The Odyssey OLED G9 spans a curved 49-inch OLED panel for an immersive, wraparound gaming view. A high refresh rate and deep contrast make it a centrepiece for sim and strategy players.","{""screen_size_in"": 49, ""resolution"": ""5120x1440"", ""refresh_rate_hz"": 240, ""panel_type"": ""OLED"", ""ports"": ""HDMI, DisplayPort, USB-C""}"
SKU-0049,ASUS ProArt PA279CV,ASUS,Monitors,469.0,Calibrated 4K monitor for creative professionals.,Presented by Fnac.fr. The ProArt PA279CV offers a factory-calibrated 4K IPS panel with wide sRGB coverage for content creators. USB-C connectivity and ergonomic adjustments support precise photo and design work.,"{""screen_size_in"": 27, ""resolution"": ""3840x2160"", ""refresh_rate_hz"": 60, ""panel_type"": ""IPS"", ""ports"": ""USB-C, HDMI, DisplayPort""}"
SKU-0050,BenQ PD2706U,BenQ,Monitors,549.0,Designer 4K monitor with accurate colour out of the box.,Presented by Fnac.fr. The PD2706U targets designers with a colour-accurate 4K IPS panel and dedicated colour modes. A USB-C hub and ergonomic stand make it a tidy fit for design and video workstations.,"{""screen_size_in"": 27, ""resolution"": ""3840x2160"", ""refresh_rate_hz"": 60, ""panel_type"": ""IPS"", ""ports"": ""USB-C, HDMI, DisplayPort""}"
SKU-0051,Gigabyte M27Q,Gigabyte,Monitors,299.0,Versatile 1440p monitor with a built-in KVM.,Presented by Fnac.fr. The Gigabyte M27Q combines a fast 1440p panel with a built-in KVM switch for managing two devices. A high refresh rate and USB-C input make it a flexible pick for work and play.,"{""screen_size_in"": 27, ""resolution"": ""2560x1440"", ""refresh_rate_hz"": 170, ""panel_type"": ""IPS"", ""ports"": ""USB-C, HDMI, DisplayPort""}"
SKU-0052,MSI MAG 274QRF QD,MSI,Monitors,329.0,Quantum-dot gaming monitor with rich colour.,Presented by Fnac.fr. The MAG 274QRF QD uses a quantum-dot IPS panel for vivid colour and a fast refresh rate aimed at gamers. Low response times and adaptive sync keep fast-paced games smooth.,"{""screen_size_in"": 27, ""resolution"": ""2560x1440"", ""refresh_rate_hz"": 170, ""panel_type"": ""IPS"", ""ports"": ""HDMI, DisplayPort, USB-C""}"
SKU-0053,AOC 24G2,AOC,Monitors,169.0,Affordable 1080p gaming monitor with fast refresh.,Presented by Fnac.fr. The AOC 24G2 delivers a 1080p IPS panel with a high refresh rate at a budget-friendly price. Adaptive sync and slim bezels make it a popular entry-level gaming display.,"{""screen_size_in"": 24, ""resolution"": ""1920x1080"", ""refresh_rate_hz"": 144, ""panel_type"": ""IPS"", ""ports"": ""HDMI, DisplayPort, VGA""}"
SKU-0054,ViewSonic VP2786-4K,ViewSonic,Monitors,699.0,Professional 4K monitor with a built-in colour sensor.,Presented by Fnac.fr. The VP2786-4K offers a 4K IPS panel with a self-calibrating colour sensor for demanding creative work. Wide colour gamuts and accurate output suit photo and video professionals.,"{""screen_size_in"": 27, ""resolution"": ""3840x2160"", ""refresh_rate_hz"": 60, ""panel_type"": ""IPS"", ""ports"": ""USB-C, HDMI, DisplayPort""}"
SKU-0055,Apple iPhone 15 Pro,Apple,Smartphones,1229.0,Pro-grade cameras and performance in a titanium frame.,Presented by Fnac.fr. The iPhone 15 Pro pairs a titanium design with a capable triple-camera system and the A17 Pro chip. A bright display and USB-C connectivity make it a strong choice for photography and everyday use.,"{""color"": ""Natural Titanium"", ""screen_size_in"": 6.1, ""storage_gb"": 256, ""ram_gb"": 8, ""operating_system"": ""iOS"", ""camera_mp"": 48}"
SKU-0056,Samsung Galaxy S24 Ultra,Samsung,Smartphones,1449.0,Flagship Android phone with a built-in S Pen.,"Presented by Fnac.fr. The Galaxy S24 Ultra combines a large, bright display with a versatile camera system and bundled S Pen. A titanium frame and long software support make it a top-tier Android choice.","{""color"": ""Titanium Grey"", ""screen_size_in"": 6.8, ""storage_gb"": 512, ""ram_gb"": 12, ""operating_system"": ""Android"", ""camera_mp"": 200}"
SKU-0057,Google Pixel 8 Pro,Google,Smartphones,1099.0,Smart camera features and clean Android software.,Presented by Fnac.fr. The Pixel 8 Pro focuses on computational photography and clean Android with years of guaranteed updates. A bright display and helpful on-device AI features make it a refined everyday phone.,"{""color"": ""Obsidian"", ""screen_size_in"": 6.7, ""storage_gb"": 256, ""ram_gb"": 12, ""operating_system"": ""Android"", ""camera_mp"": 50}"
SKU-0058,OnePlus 12,OnePlus,Smartphones,949.0,Fast flagship with rapid charging and a bright screen.,"Presented by Fnac.fr. The OnePlus 12 offers flagship performance, a bright high-refresh display, and very fast wired charging. A capable Hasselblad-tuned camera makes it a value-focused premium choice.","{""color"": ""Flowy Emerald"", ""screen_size_in"": 6.8, ""storage_gb"": 256, ""ram_gb"": 16, ""operating_system"": ""Android"", ""camera_mp"": 50}"
SKU-0059,Apple iPhone 15,Apple,Smartphones,949.0,Reliable everyday iPhone with a 48MP camera.,"Presented by Fnac.fr. The iPhone 15 brings a 48MP main camera, the Dynamic Island, and USB-C to the standard model. Solid performance and long software support make it a dependable everyday smartphone.","{""color"": ""Pink"", ""screen_size_in"": 6.1, ""storage_gb"": 128, ""ram_gb"": 6, ""operating_system"": ""iOS"", ""camera_mp"": 48}"
SKU-0060,Xiaomi 14,Xiaomi,Smartphones,999.0,Compact flagship with Leica-tuned cameras.,Presented by Fnac.fr. The Xiaomi 14 packs flagship performance and Leica-tuned cameras into a compact body. A bright display and fast charging make it a capable choice for photography enthusiasts.,"{""color"": ""Black"", ""screen_size_in"": 6.36, ""storage_gb"": 512, ""ram_gb"": 12, ""operating_system"": ""Android"", ""camera_mp"": 50}"
SKU-0061,Nothing Phone (2),Nothing,Smartphones,679.0,Distinctive design with a clean Android experience.,"Presented by Fnac.fr. The Nothing Phone (2) stands out with its Glyph lighting and a clean, lightweight Android build. A bright display and balanced performance make it a stylish mid-premium option.","{""color"": ""White"", ""screen_size_in"": 6.7, ""storage_gb"": 256, ""ram_gb"": 12, ""operating_system"": ""Android"", ""camera_mp"": 50}"
SKU-0062,Motorola Edge 50 Pro,Motorola,Smartphones,599.0,Curved-screen phone with fast charging.,Presented by Fnac.fr. The Edge 50 Pro offers a curved high-refresh display and very fast charging at a mid-range price. A capable camera setup and clean software make it a well-rounded daily phone.,"{""color"": ""Luxe Lavender"", ""screen_size_in"": 6.7, ""storage_gb"": 512, ""ram_gb"": 12, ""operating_system"": ""Android"", ""camera_mp"": 50}"
SKU-0063,Samsung Galaxy A55,Samsung,Smartphones,479.0,Mid-range phone with a premium feel.,"Presented by Fnac.fr. The Galaxy A55 brings a metal frame, a bright display, and long software support to the mid-range. A dependable camera and large battery make it a practical everyday choice.","{""color"": ""Awesome Iceblue"", ""screen_size_in"": 6.6, ""storage_gb"": 256, ""ram_gb"": 8, ""operating_system"": ""Android"", ""camera_mp"": 50}"
SKU-0064,"Apple Watch Series 9 (45mm, GPS)",Apple,Smartwatches,449.0,"Health tracking and apps on your wrist, made for iPhone.","Presented by Fnac.fr. The Apple Watch Series 9 tracks workouts, heart rate, and sleep on a bright always-on display, with on-device Siri and crash detection. Designed for iPhone, it lasts about 18 hours per charge and supports fast charging for quick top-ups.","{""color"": ""Midnight"", ""case_size_mm"": 45, ""connectivity"": ""GPS"", ""battery_life_hours"": 18, ""compatibility"": ""iOS""}"
SKU-0065,Samsung Galaxy Watch 6 (44mm),Samsung,Smartwatches,319.0,Wear OS smartwatch with detailed health tracking.,"Presented by Fnac.fr. The Galaxy Watch 6 runs Wear OS with detailed sleep, heart rate, and body composition tracking. A bright AMOLED display and broad Android compatibility make it a strong everyday wearable.","{""color"": ""Graphite"", ""case_size_mm"": 44, ""connectivity"": ""GPS"", ""battery_life_hours"": 40, ""compatibility"": ""Android""}"
SKU-0066,Google Pixel Watch 2,Google,Smartwatches,399.0,Refined Wear OS watch with Fitbit health features.,Presented by Fnac.fr. The Pixel Watch 2 combines a clean Wear OS interface with Fitbit health tracking and safety features. A comfortable round design and tight Android integration make it a polished choice for Pixel users.,"{""color"": ""Matte Black"", ""case_size_mm"": 41, ""connectivity"": ""GPS + Cellular"", ""battery_life_hours"": 24, ""compatibility"": ""Android""}"
SKU-0067,Garmin Venu 3,Garmin,Smartwatches,499.0,Sport-focused smartwatch with long battery life.,Presented by Fnac.fr. The Venu 3 blends detailed fitness and health tracking with a bright AMOLED display and multi-day battery. Comprehensive sports modes make it a strong pick for active users on either platform.,"{""color"": ""Slate"", ""case_size_mm"": 45, ""connectivity"": ""GPS"", ""battery_life_hours"": 336, ""compatibility"": ""Both""}"
SKU-0068,Apple Watch Ultra 2,Apple,Smartwatches,899.0,Rugged smartwatch for outdoor and endurance sports.,"Presented by Fnac.fr. The Apple Watch Ultra 2 adds a rugged titanium case, a brighter display, and longer battery for adventures. Precision GPS and dive-ready depth sensing make it suited to outdoor and endurance athletes.","{""color"": ""Titanium"", ""case_size_mm"": 49, ""connectivity"": ""GPS + Cellular"", ""battery_life_hours"": 36, ""compatibility"": ""iOS""}"
SKU-0069,Samsung Galaxy Watch 6 Classic (47mm),Samsung,Smartwatches,419.0,Wear OS watch with a rotating bezel.,Presented by Fnac.fr. The Galaxy Watch 6 Classic adds a tactile rotating bezel to Samsung's health-focused Wear OS watch. A stainless-steel build and detailed tracking suit Android users who want a more traditional look.,"{""color"": ""Silver"", ""case_size_mm"": 47, ""connectivity"": ""GPS + Cellular"", ""battery_life_hours"": 40, ""compatibility"": ""Android""}"
SKU-0070,Garmin Forerunner 265,Garmin,Smartwatches,499.0,Running watch with detailed training metrics.,Presented by Fnac.fr. The Forerunner 265 focuses on running and triathlon with a bright AMOLED display and detailed training metrics. Multi-day battery and accurate GPS make it a dependable companion for serious runners.,"{""color"": ""Black"", ""case_size_mm"": 46, ""connectivity"": ""GPS"", ""battery_life_hours"": 312, ""compatibility"": ""Both""}"
SKU-0071,Withings ScanWatch 2,Withings,Smartwatches,349.0,Hybrid smartwatch with clinical health sensors.,Presented by Fnac.fr. The ScanWatch 2 pairs a classic analog face with health sensors including ECG and temperature tracking. Weeks of battery life and discreet styling make it a subtle wellness-focused watch.,"{""color"": ""White"", ""case_size_mm"": 42, ""connectivity"": ""GPS"", ""battery_life_hours"": 720, ""compatibility"": ""Both""}"
SKU-0072,TicWatch Pro 5,Mobvoi,Smartwatches,359.0,Dual-display Wear OS watch with long battery.,Presented by Fnac.fr. The TicWatch Pro 5 uses a dual-layer display to extend battery life while running Wear OS. Detailed health tracking and a durable build make it a versatile Android-friendly option.,"{""color"": ""Obsidian"", ""case_size_mm"": 48, ""connectivity"": ""GPS"", ""battery_life_hours"": 80, ""compatibility"": ""Android""}"
SKU-0073,Fitbit Charge 6,Fitbit,Fitness Trackers,159.0,Slim tracker with built-in GPS and heart rate.,"Presented by Fnac.fr. The Fitbit Charge 6 tracks steps, sleep, and heart rate with built-in GPS for outdoor workouts. A bright touchscreen and Google app integration make it an approachable everyday tracker.","{""color"": ""Obsidian"", ""battery_life_days"": 7, ""water_resistance"": ""5ATM"", ""heart_rate"": ""Yes"", ""gps"": ""Yes""}"
SKU-0074,Garmin Vivosmart 5,Garmin,Fitness Trackers,149.0,Minimalist band with detailed health insights.,"Presented by Fnac.fr. The Vivosmart 5 keeps a slim profile while tracking heart rate, sleep, and stress with Garmin's health insights. A simple display and week-long battery suit users who want unobtrusive tracking.","{""color"": ""Black"", ""battery_life_days"": 7, ""water_resistance"": ""5ATM"", ""heart_rate"": ""Yes"", ""gps"": ""No""}"
SKU-0075,Xiaomi Smart Band 8,Xiaomi,Fitness Trackers,39.0,Affordable band with long battery life.,"Presented by Fnac.fr. The Smart Band 8 offers heart rate, sleep, and activity tracking on a bright AMOLED display at a low price. Up to two weeks of battery makes it a low-maintenance everyday tracker.","{""color"": ""Graphite"", ""battery_life_days"": 16, ""water_resistance"": ""5ATM"", ""heart_rate"": ""Yes"", ""gps"": ""No""}"
SKU-0076,Samsung Galaxy Fit3,Samsung,Fitness Trackers,59.0,Lightweight band with a large display.,Presented by Fnac.fr. The Galaxy Fit3 pairs a large AMOLED display with comprehensive activity and sleep tracking. Long battery life and a light aluminium body make it a comfortable all-day band for Android users.,"{""color"": ""Silver"", ""battery_life_days"": 13, ""water_resistance"": ""5ATM"", ""heart_rate"": ""Yes"", ""gps"": ""No""}"
SKU-0077,Fitbit Inspire 3,Fitbit,Fitness Trackers,99.0,Easy-to-use tracker with long battery life.,"Presented by Fnac.fr. The Fitbit Inspire 3 focuses on the essentials with heart rate, sleep, and stress tracking in a slim band. Up to ten days of battery and a colour display make it a simple entry-level tracker.","{""color"": ""Lilac"", ""battery_life_days"": 10, ""water_resistance"": ""5ATM"", ""heart_rate"": ""Yes"", ""gps"": ""No""}"
SKU-0078,Huawei Band 9,Huawei,Fitness Trackers,59.0,Slim band with comfortable all-day wear.,"Presented by Fnac.fr. The Huawei Band 9 tracks activity, sleep, and heart rate on a bright display in a thin, light design. Up to two weeks of battery makes it a comfortable, low-maintenance tracker.","{""color"": ""Charcoal Black"", ""battery_life_days"": 14, ""water_resistance"": ""5ATM"", ""heart_rate"": ""Yes"", ""gps"": ""No""}"
SKU-0079,Amazfit Band 7,Amazfit,Fitness Trackers,49.0,Budget band with a big screen and long battery.,Presented by Fnac.fr. The Amazfit Band 7 offers a large display and broad activity tracking at a value price. Up to 18 days of battery and built-in sport modes make it a practical pick for casual fitness.,"{""color"": ""Black"", ""battery_life_days"": 18, ""water_resistance"": ""5ATM"", ""heart_rate"": ""Yes"", ""gps"": ""No""}"
SKU-0080,Garmin Vivosmart 5 Active,Garmin,Fitness Trackers,169.0,Activity band with onboard heart rate tracking.,"Presented by Fnac.fr. This active-focused Vivosmart variant tracks heart rate, stress, and sleep with Garmin's health metrics. A slim profile and reliable sensors make it a discreet option for daily wellness.","{""color"": ""White"", ""battery_life_days"": 7, ""water_resistance"": ""5ATM"", ""heart_rate"": ""Yes"", ""gps"": ""No""}"
SKU-0081,Whoop 4.0,Whoop,Fitness Trackers,239.0,Screen-free band focused on recovery and strain.,"Presented by Fnac.fr. The Whoop 4.0 takes a screen-free approach, tracking strain, recovery, and sleep through an app-based dashboard. Continuous heart rate monitoring and a waterproof design suit data-driven athletes.","{""color"": ""Onyx"", ""battery_life_days"": 5, ""water_resistance"": ""IP68"", ""heart_rate"": ""Yes"", ""gps"": ""No""}"
SKU-0082,LG OLED evo C4 (55-inch),LG,Televisions,1499.0,OLED TV with deep contrast for movies and gaming.,Presented by Fnac.fr. The LG OLED evo C4 delivers deep blacks and vivid colour on a self-lit OLED panel suited to film and gaming. A 120Hz panel and gaming features over HDMI 2.1 make it a versatile living-room set.,"{""screen_size_in"": 55, ""resolution"": ""4K UHD"", ""panel_type"": ""OLED"", ""refresh_rate_hz"": 120, ""smart_os"": ""webOS""}"
SKU-0083,Samsung QN90D Neo QLED (65-inch),Samsung,Televisions,2199.0,Bright Mini-LED TV with strong contrast.,"Presented by Fnac.fr. The Samsung QN90D uses Mini-LED backlighting for high brightness and deep contrast, ideal for bright rooms. A 120Hz panel and anti-glare screen make it a flexible choice for sport and gaming.","{""screen_size_in"": 65, ""resolution"": ""4K UHD"", ""panel_type"": ""Mini-LED"", ""refresh_rate_hz"": 120, ""smart_os"": ""Tizen""}"
SKU-0084,Sony BRAVIA 7 (65-inch),Sony,Televisions,1999.0,Mini-LED TV with refined picture processing.,"Presented by Fnac.fr. The Sony BRAVIA 7 combines Mini-LED backlighting with Sony's picture processing for natural, detailed images. A 120Hz panel and Google TV make it a well-rounded set for film and gaming.","{""screen_size_in"": 65, ""resolution"": ""4K UHD"", ""panel_type"": ""Mini-LED"", ""refresh_rate_hz"": 120, ""smart_os"": ""Google TV""}"
SKU-0085,TCL C805 (75-inch),TCL,Televisions,1299.0,Large Mini-LED TV with high brightness for the price.,Presented by Fnac.fr. The TCL C805 offers a big Mini-LED panel with high brightness and gaming features at a value price. A 144Hz panel and Google TV make it a strong choice for large-room home cinema.,"{""screen_size_in"": 75, ""resolution"": ""4K UHD"", ""panel_type"": ""Mini-LED"", ""refresh_rate_hz"": 144, ""smart_os"": ""Google TV""}"
SKU-0086,Hisense U7N (55-inch),Hisense,Televisions,899.0,Value Mini-LED TV for sport and gaming.,Presented by Fnac.fr. The Hisense U7N brings Mini-LED brightness and a high refresh rate to a budget-friendly tier. Gaming features and Google TV make it a practical pick for sport and console play.,"{""screen_size_in"": 55, ""resolution"": ""4K UHD"", ""panel_type"": ""Mini-LED"", ""refresh_rate_hz"": 144, ""smart_os"": ""Google TV""}"
SKU-0087,Panasonic Z95A OLED (65-inch),Panasonic,Televisions,2799.0,Premium OLED TV with cinema-grade picture.,Presented by Fnac.fr. The Panasonic Z95A pairs a high-brightness OLED panel with cinema-tuned processing for film enthusiasts. A 120Hz panel and Fire TV make it a refined choice for dedicated home cinema.,"{""screen_size_in"": 65, ""resolution"": ""4K UHD"", ""panel_type"": ""OLED"", ""refresh_rate_hz"": 120, ""smart_os"": ""Fire TV""}"
SKU-0088,Samsung Q60D QLED (50-inch),Samsung,Televisions,599.0,Affordable QLED TV for everyday viewing.,Presented by Fnac.fr. The Samsung Q60D offers QLED colour and a slim design for everyday streaming and casual viewing. Tizen smart features and a compact size make it a sensible secondary or bedroom TV.,"{""screen_size_in"": 50, ""resolution"": ""4K UHD"", ""panel_type"": ""QLED"", ""refresh_rate_hz"": 60, ""smart_os"": ""Tizen""}"
SKU-0089,LG QNED80 (43-inch),LG,Televisions,499.0,Compact 4K LED TV for smaller rooms.,Presented by Fnac.fr. The LG QNED80 delivers 4K resolution and quantum-dot colour in a compact LED set for smaller spaces. webOS streaming and a slim frame make it an easy fit for bedrooms and offices.,"{""screen_size_in"": 43, ""resolution"": ""4K UHD"", ""panel_type"": ""LED"", ""refresh_rate_hz"": 60, ""smart_os"": ""webOS""}"
SKU-0090,Sony BRAVIA 8 OLED (55-inch),Sony,Televisions,1799.0,"OLED TV tuned for natural, accurate colour.",Presented by Fnac.fr. The Sony BRAVIA 8 OLED focuses on natural colour and accurate processing for film and streaming. A 120Hz panel and Google TV make it a balanced choice for movie-first living rooms.,"{""screen_size_in"": 55, ""resolution"": ""4K UHD"", ""panel_type"": ""OLED"", ""refresh_rate_hz"": 120, ""smart_os"": ""Google TV""}"
SKU-0091,Sony Alpha 7 IV,Sony,Cameras,2799.0,Versatile full-frame mirrorless for stills and video.,Presented by Fnac.fr. The Sony Alpha 7 IV pairs a 33MP full-frame sensor with capable autofocus for hybrid shooters. Strong 4K video and reliable subject tracking make it a flexible all-rounder for photo and film.,"{""type"": ""Mirrorless"", ""sensor"": ""Full-frame"", ""resolution_mp"": 33, ""lens_mount"": ""Sony E"", ""video_resolution"": ""4K""}"
SKU-0092,Canon EOS R6 Mark II,Canon,Cameras,2799.0,Fast full-frame mirrorless for action and video.,Presented by Fnac.fr. The EOS R6 Mark II combines a 24MP full-frame sensor with quick burst shooting and dependable autofocus. Capable 4K video and strong low-light performance suit events and wildlife.,"{""type"": ""Mirrorless"", ""sensor"": ""Full-frame"", ""resolution_mp"": 24, ""lens_mount"": ""Canon RF"", ""video_resolution"": ""4K""}"
SKU-0093,Nikon Z6 III,Nikon,Cameras,2699.0,Hybrid full-frame mirrorless with fast readout.,Presented by Fnac.fr. The Nikon Z6 III offers a 24MP full-frame sensor with a fast partially-stacked design for stills and video. Reliable autofocus and 6K video make it a versatile choice for hybrid creators.,"{""type"": ""Mirrorless"", ""sensor"": ""Full-frame"", ""resolution_mp"": 24, ""lens_mount"": ""Nikon Z"", ""video_resolution"": ""6K""}"
SKU-0094,Fujifilm X-T5,Fujifilm,Cameras,1799.0,APS-C mirrorless with high-resolution stills.,Presented by Fnac.fr. The Fujifilm X-T5 delivers a 40MP APS-C sensor with classic dial-based controls for photographers. Film simulations and in-body stabilisation make it a favourite for travel and street work.,"{""type"": ""Mirrorless"", ""sensor"": ""APS-C"", ""resolution_mp"": 40, ""lens_mount"": ""Fujifilm X"", ""video_resolution"": ""6K""}"
SKU-0095,Panasonic Lumix GH7,Panasonic,Cameras,2199.0,Micro Four Thirds camera built for video.,"Presented by Fnac.fr. The Lumix GH7 focuses on video with a Micro Four Thirds sensor, internal high-bitrate recording, and strong stabilisation. Robust build and extensive codecs make it a tool for serious filmmakers.","{""type"": ""Mirrorless"", ""sensor"": ""Micro 4/3"", ""resolution_mp"": 25, ""lens_mount"": ""Micro 4/3"", ""video_resolution"": ""6K""}"
SKU-0096,Canon EOS 90D,Canon,Cameras,1299.0,High-resolution APS-C DSLR for enthusiasts.,Presented by Fnac.fr. The EOS 90D pairs a 32.5MP APS-C sensor with an optical viewfinder for photographers who prefer a DSLR. Fast continuous shooting and a wide lens selection make it a capable enthusiast camera.,"{""type"": ""DSLR"", ""sensor"": ""APS-C"", ""resolution_mp"": 32, ""lens_mount"": ""Canon EF-S"", ""video_resolution"": ""4K""}"
SKU-0097,Sony ZV-1 II,Sony,Cameras,899.0,Compact camera built for vlogging.,Presented by Fnac.fr. The Sony ZV-1 II features a 1-inch sensor and a wide zoom in a pocketable body designed for vloggers. A vari-angle screen and strong autofocus make it an easy creator camera for travel.,"{""type"": ""Compact"", ""sensor"": ""1-inch"", ""resolution_mp"": 20, ""lens_mount"": ""Fixed"", ""video_resolution"": ""4K""}"
SKU-0098,GoPro HERO12 Black,GoPro,Cameras,449.0,Rugged action camera with strong stabilisation.,"Presented by Fnac.fr. The HERO12 Black captures stabilised 5.3K video in a waterproof, pocket-sized body for action and travel. Excellent stabilisation and a durable design make it a go-to for sport and adventure.","{""type"": ""Action"", ""sensor"": ""1-inch"", ""resolution_mp"": 27, ""lens_mount"": ""Fixed"", ""video_resolution"": ""4K""}"
SKU-0099,Fujifilm X100VI,Fujifilm,Cameras,1799.0,Premium fixed-lens compact for street photography.,Presented by Fnac.fr. The X100VI combines a 40MP APS-C sensor with a fixed 35mm-equivalent lens in a classic rangefinder-style body. A hybrid viewfinder and film simulations make it a refined choice for street and travel.,"{""type"": ""Compact"", ""sensor"": ""APS-C"", ""resolution_mp"": 40, ""lens_mount"": ""Fixed"", ""video_resolution"": ""6K""}"
SKU-0100,DJI Mini 4 Pro,DJI,Drones,999.0,Lightweight drone with obstacle sensing and 4K video.,Presented by Fnac.fr. The DJI Mini 4 Pro stays under 250g while adding omnidirectional obstacle sensing and 4K HDR video. Long flight time and a long control range make it an approachable choice for travel filming.,"{""max_flight_time_min"": 34, ""camera_resolution"": ""4K"", ""max_range_km"": 20, ""weight_g"": 249, ""gps"": ""Yes""}"
SKU-0101,DJI Air 3,DJI,Drones,1099.0,Dual-camera drone for versatile aerial shots.,"Presented by Fnac.fr. The DJI Air 3 pairs wide and telephoto cameras for flexible framing, with omnidirectional obstacle sensing. Long flight time and 4K HDR video make it a capable mid-range aerial platform.","{""max_flight_time_min"": 46, ""camera_resolution"": ""4K"", ""max_range_km"": 20, ""weight_g"": 720, ""gps"": ""Yes""}"
SKU-0102,DJI Mavic 3 Pro,DJI,Drones,2199.0,Triple-camera drone with a Hasselblad main sensor.,Presented by Fnac.fr. The DJI Mavic 3 Pro uses a triple-camera system led by a Four Thirds Hasselblad sensor for professional aerial work. Long flight time and 5.1K video make it a tool for serious creators.,"{""max_flight_time_min"": 43, ""camera_resolution"": ""5.4K"", ""max_range_km"": 28, ""weight_g"": 958, ""gps"": ""Yes""}"
SKU-0103,Autel EVO Lite+,Autel,Drones,1349.0,Compact drone with a 1-inch sensor.,Presented by Fnac.fr. The Autel EVO Lite+ carries a 1-inch sensor for strong low-light aerial images in a folding body. Long flight time and a long transmission range make it a capable alternative for enthusiasts.,"{""max_flight_time_min"": 40, ""camera_resolution"": ""5.4K"", ""max_range_km"": 12, ""weight_g"": 820, ""gps"": ""Yes""}"
SKU-0104,DJI Avata 2,DJI,Drones,999.0,Immersive FPV drone for first-person flying.,"Presented by Fnac.fr. The DJI Avata 2 is a compact FPV drone built for immersive, goggle-based flying and dynamic footage. A durable design and stabilised 4K video make it a fun entry into FPV.","{""max_flight_time_min"": 23, ""camera_resolution"": ""4K"", ""max_range_km"": 13, ""weight_g"": 377, ""gps"": ""Yes""}"
SKU-0105,Holy Stone HS720G,Holy Stone,Drones,259.0,Affordable GPS drone for beginners.,Presented by Fnac.fr. The Holy Stone HS720G offers GPS-assisted flight and a stabilised camera at an entry-level price. Return-to-home and easy controls make it a friendly choice for new pilots.,"{""max_flight_time_min"": 26, ""camera_resolution"": ""4K"", ""max_range_km"": 1, ""weight_g"": 495, ""gps"": ""Yes""}"
SKU-0106,Potensic ATOM SE,Potensic,Drones,299.0,Lightweight beginner drone with GPS.,Presented by Fnac.fr. The Potensic ATOM SE keeps things light and simple with GPS positioning and a stabilised 4K camera. A long control range for its class makes it an accessible starter drone.,"{""max_flight_time_min"": 31, ""camera_resolution"": ""4K"", ""max_range_km"": 4, ""weight_g"": 245, ""gps"": ""Yes""}"
SKU-0107,Parrot Anafi,Parrot,Drones,549.0,Foldable travel drone with a tilting 4K camera.,"Presented by Fnac.fr. The Parrot Anafi packs a 4K camera on a gimbal that tilts up and down into a light, foldable body. GPS-assisted flight and a long range for its size make it a portable choice for travel filming.","{""max_flight_time_min"": 25, ""camera_resolution"": ""4K"", ""max_range_km"": 4, ""weight_g"": 320, ""gps"": ""Yes""}"
SKU-0108,Autel EVO Nano+,Autel,Drones,799.0,Sub-250g drone with obstacle avoidance.,Presented by Fnac.fr. The Autel EVO Nano+ pairs a sub-250g design with obstacle avoidance and a capable camera sensor. A folding body and long flight time make it a portable option for travel.,"{""max_flight_time_min"": 28, ""camera_resolution"": ""4K"", ""max_range_km"": 10, ""weight_g"": 249, ""gps"": ""Yes""}"
SKU-0109,Sony PlayStation 5 Slim,Sony,Consoles,549.0,Compact PS5 with a disc drive for the latest games.,Presented by Fnac.fr. The PlayStation 5 Slim brings a smaller chassis and fast SSD loading to Sony's current-generation console. A detachable disc drive and the DualSense controller make it a flexible living-room system.,"{""platform"": ""PlayStation 5"", ""storage_gb"": 1024, ""edition"": ""Standard"", ""color"": ""White"", ""generation"": ""Ninth""}"
SKU-0110,Sony PlayStation 5 Digital Edition,Sony,Consoles,449.0,Disc-free PS5 for digital game libraries.,"Presented by Fnac.fr. The PS5 Digital Edition removes the disc drive for players who buy games digitally, keeping the fast SSD. The DualSense controller and current-gen performance make it a streamlined choice.","{""platform"": ""PlayStation 5"", ""storage_gb"": 1024, ""edition"": ""Digital"", ""color"": ""White"", ""generation"": ""Ninth""}"
SKU-0111,Microsoft Xbox Series X,Microsoft,Consoles,499.0,Powerful Xbox for 4K gaming and Game Pass.,"Presented by Fnac.fr. The Xbox Series X delivers strong performance for 4K gaming, with a fast SSD and broad backward compatibility. Tight Game Pass integration makes it a value-focused choice for a large library.","{""platform"": ""Xbox"", ""storage_gb"": 1024, ""edition"": ""Standard"", ""color"": ""Black"", ""generation"": ""Ninth""}"
SKU-0112,Microsoft Xbox Series S,Microsoft,Consoles,299.0,"Compact, disc-free Xbox for digital gaming.","Presented by Fnac.fr. The Xbox Series S is a small, affordable console built for digital, fast-loading next-gen play. Game Pass support and a compact design make it an accessible entry into the Xbox ecosystem.","{""platform"": ""Xbox"", ""storage_gb"": 512, ""edition"": ""Digital"", ""color"": ""White"", ""generation"": ""Ninth""}"
SKU-0113,Nintendo Switch OLED,Nintendo,Consoles,349.0,Hybrid console with a vivid OLED screen.,Presented by Fnac.fr. The Nintendo Switch OLED upgrades the handheld experience with a brighter 7-inch OLED screen. Seamless TV and handheld play make it a flexible console for solo and party gaming.,"{""platform"": ""Nintendo Switch"", ""storage_gb"": 64, ""edition"": ""Standard"", ""color"": ""White"", ""generation"": ""Eighth""}"
SKU-0114,Valve Steam Deck OLED,Valve,Consoles,569.0,Handheld PC for your Steam library on the go.,Presented by Fnac.fr. The Steam Deck OLED runs PC games in a handheld form with a vivid OLED screen and improved battery. A full Steam library and desktop mode make it a versatile portable for PC players.,"{""platform"": ""SteamOS"", ""storage_gb"": 512, ""edition"": ""Standard"", ""color"": ""Black"", ""generation"": ""Handheld""}"
SKU-0115,ASUS ROG Ally X,ASUS,Consoles,899.0,Windows handheld for high-performance portable gaming.,Presented by Fnac.fr. The ROG Ally X runs full Windows on a bright handheld display for demanding PC games anywhere. A larger battery and refined ergonomics make it a strong portable for power users.,"{""platform"": ""Windows"", ""storage_gb"": 1024, ""edition"": ""Standard"", ""color"": ""Black"", ""generation"": ""Handheld""}"
SKU-0116,Sony PlayStation 5 Pro,Sony,Consoles,799.0,Enhanced PS5 for higher-fidelity gaming.,"Presented by Fnac.fr. The PlayStation 5 Pro adds more graphics power and upscaling for higher-fidelity, smoother gameplay. A large SSD and the DualSense controller make it a choice for players wanting maximum visuals.","{""platform"": ""PlayStation 5"", ""storage_gb"": 2048, ""edition"": ""Digital"", ""color"": ""White"", ""generation"": ""Ninth""}"
SKU-0117,Microsoft Xbox Series X Galaxy Black,Microsoft,Consoles,599.0,Special-edition Xbox with extra storage.,Presented by Fnac.fr. This special-edition Xbox Series X pairs a unique finish with extra storage for larger game libraries. The same strong 4K performance and Game Pass support make it a collector-friendly bundle.,"{""platform"": ""Xbox"", ""storage_gb"": 2048, ""edition"": ""Bundle"", ""color"": ""Black"", ""generation"": ""Ninth""}"
SKU-0118,The Legend of Zelda: Tears of the Kingdom,Nintendo,Video Games,59.0,Open-world adventure across land and sky.,Presented by Fnac.fr. Tears of the Kingdom expands Hyrule with new sky islands and inventive crafting and building mechanics. Its open-ended exploration and physics-driven puzzles make it a standout adventure on Switch.,"{""platform"": ""Nintendo Switch"", ""genre"": ""Adventure"", ""pegi_rating"": ""12"", ""edition"": ""Standard"", ""release_year"": 2023}"
SKU-0119,Elden Ring,Bandai Namco,Video Games,49.0,Challenging open-world action RPG.,Presented by Fnac.fr. Elden Ring blends FromSoftware's demanding combat with a vast open world and deep character builds. Its interconnected design and challenging bosses make it a landmark action RPG.,"{""platform"": ""PlayStation 5"", ""genre"": ""Action RPG"", ""pegi_rating"": ""16"", ""edition"": ""Standard"", ""release_year"": 2022}"
SKU-0120,Marvel's Spider-Man 2,Sony,Video Games,69.0,Open-world superhero action across New York.,Presented by Fnac.fr. Spider-Man 2 lets players swing through a detailed New York with two playable heroes and fluid combat. A cinematic story and fast traversal make it a showcase action title for PS5.,"{""platform"": ""PlayStation 5"", ""genre"": ""Action"", ""pegi_rating"": ""16"", ""edition"": ""Standard"", ""release_year"": 2023}"
SKU-0121,EA Sports FC 25,EA Sports,Video Games,69.0,Football simulation with realistic gameplay.,Presented by Fnac.fr. EA Sports FC 25 brings updated rosters and refined gameplay to the long-running football series. Career and online modes make it a staple for fans of the sport.,"{""platform"": ""PlayStation 5"", ""genre"": ""Sports"", ""pegi_rating"": ""3"", ""edition"": ""Standard"", ""release_year"": 2024}"
SKU-0122,Forza Horizon 5,Xbox Game Studios,Video Games,59.0,Open-world racing across a vibrant Mexico.,Presented by Fnac.fr. Forza Horizon 5 offers a huge open-world map of Mexico with a deep car roster and dynamic seasons. Accessible driving and varied events make it a broadly appealing racing game.,"{""platform"": ""Xbox"", ""genre"": ""Racing"", ""pegi_rating"": ""3"", ""edition"": ""Standard"", ""release_year"": 2021}"
SKU-0123,Baldur's Gate 3,Larian Studios,Video Games,59.0,Story-rich role-playing with deep choices.,Presented by Fnac.fr. Baldur's Gate 3 delivers a sprawling role-playing adventure with turn-based combat and meaningful choices. Rich characters and high replay value make it a celebrated RPG.,"{""platform"": ""PC"", ""genre"": ""Action RPG"", ""pegi_rating"": ""18"", ""edition"": ""Deluxe"", ""release_year"": 2023}"
SKU-0124,Call of Duty: Modern Warfare III,Activision,Video Games,69.0,Fast-paced first-person shooter.,Presented by Fnac.fr. Modern Warfare III continues the series with a fast multiplayer suite and a campaign mode. Competitive shooting and seasonal content make it a fixture for FPS players.,"{""platform"": ""PlayStation 5"", ""genre"": ""FPS"", ""pegi_rating"": ""18"", ""edition"": ""Standard"", ""release_year"": 2023}"
SKU-0125,Civilization VI,2K Games,Video Games,29.0,Turn-based strategy across human history.,Presented by Fnac.fr. Civilization VI tasks players with building an empire to stand the test of time across the ages. Deep systems and high replayability make it a long-favoured strategy game.,"{""platform"": ""PC"", ""genre"": ""Strategy"", ""pegi_rating"": ""12"", ""edition"": ""Standard"", ""release_year"": 2016}"
SKU-0126,The Sims 4,Maxis,Video Games,39.0,Life simulation with creative building tools.,"Presented by Fnac.fr. The Sims 4 lets players create characters, build homes, and shape everyday life stories. Extensive customisation and ongoing content updates make it a long-running simulation favourite.","{""platform"": ""PC"", ""genre"": ""Simulation"", ""pegi_rating"": ""12"", ""edition"": ""Standard"", ""release_year"": 2014}"
SKU-0127,Sony DualSense Wireless Controller,Sony,Controllers,69.0,PS5 controller with haptic feedback and adaptive triggers.,Presented by Fnac.fr. The DualSense brings haptic feedback and adaptive triggers for more tactile play on PlayStation 5. A built-in mic and comfortable grip make it the standard controller for PS5 gaming.,"{""platform_compatibility"": ""PlayStation 5, PC"", ""connectivity"": ""Wired + Wireless"", ""color"": ""White"", ""battery_life_hours"": 12}"
SKU-0128,Microsoft Xbox Wireless Controller,Microsoft,Controllers,59.0,Versatile controller for Xbox and PC.,Presented by Fnac.fr. The Xbox Wireless Controller offers a comfortable design and broad compatibility across Xbox and PC. Textured grips and a hybrid D-pad make it a dependable all-round gamepad.,"{""platform_compatibility"": ""Xbox, PC"", ""connectivity"": ""Wired + Wireless"", ""color"": ""Carbon Black"", ""battery_life_hours"": 40}"
SKU-0129,Sony DualSense Edge,Sony,Controllers,239.0,Pro PS5 controller with customisable controls.,"Presented by Fnac.fr. The DualSense Edge adds swappable sticks, back buttons, and custom profiles for competitive PS5 players. Tunable triggers and a carrying case make it a premium option for serious gamers.","{""platform_compatibility"": ""PlayStation 5, PC"", ""connectivity"": ""Wired + Wireless"", ""color"": ""White"", ""battery_life_hours"": 10}"
SKU-0130,Microsoft Xbox Elite Series 2,Microsoft,Controllers,179.0,Pro Xbox controller with adjustable components.,"Presented by Fnac.fr. The Xbox Elite Series 2 offers interchangeable sticks, paddles, and tension settings for competitive play. A rechargeable battery and custom profiles make it a top choice for Xbox and PC.","{""platform_compatibility"": ""Xbox, PC"", ""connectivity"": ""Wired + Wireless"", ""color"": ""Black"", ""battery_life_hours"": 40}"
SKU-0131,8BitDo Ultimate Bluetooth Controller,8BitDo,Controllers,69.0,Feature-rich controller with a charging dock.,"Presented by Fnac.fr. The 8BitDo Ultimate offers Hall-effect sticks, back buttons, and a charging dock for Switch and PC. Custom profiles and solid build quality make it a value-packed enthusiast pad.","{""platform_compatibility"": ""Nintendo Switch, PC"", ""connectivity"": ""Wired + Wireless"", ""color"": ""Black"", ""battery_life_hours"": 22}"
SKU-0132,Nintendo Switch Pro Controller,Nintendo,Controllers,69.0,Comfortable controller for Switch gaming.,Presented by Fnac.fr. The Switch Pro Controller offers a comfortable full-size design with long battery life and motion controls. A solid D-pad and HD rumble make it the preferred pad for serious Switch play.,"{""platform_compatibility"": ""Nintendo Switch, PC"", ""connectivity"": ""Wired + Wireless"", ""color"": ""Black"", ""battery_life_hours"": 40}"
SKU-0133,Razer Wolverine V2 Chroma,Razer,Controllers,149.0,Wired pro controller with extra buttons.,Presented by Fnac.fr. The Wolverine V2 Chroma adds remappable buttons and mecha-tactile actions for competitive Xbox and PC play. RGB lighting and a robust build make it a tournament-minded wired pad.,"{""platform_compatibility"": ""Xbox, PC"", ""connectivity"": ""Wired"", ""color"": ""Black"", ""battery_life_hours"": 0}"
SKU-0134,SCUF Reflex Pro,SCUF,Controllers,259.0,Premium PS5 controller with back paddles.,"Presented by Fnac.fr. The SCUF Reflex Pro adds back paddles, adjustable triggers, and a grippy finish for competitive PS5 play. Customisable layouts make it a high-end controller for dedicated players.","{""platform_compatibility"": ""PlayStation 5, PC"", ""connectivity"": ""Wired + Wireless"", ""color"": ""Black"", ""battery_life_hours"": 10}"
SKU-0135,PowerA Enhanced Wired Controller,PowerA,Controllers,34.0,Affordable wired controller for Switch.,"Presented by Fnac.fr. The PowerA Enhanced Wired Controller offers a budget-friendly, full-size design with mappable buttons. A reliable wired connection makes it a practical spare for Switch and PC.","{""platform_compatibility"": ""Nintendo Switch, PC"", ""connectivity"": ""Wired"", ""color"": ""Black"", ""battery_life_hours"": 0}"
SKU-0136,De'Longhi Magnifica S Bean-to-Cup Coffee Machine,De'Longhi,Coffee Machines,399.0,Freshly ground espresso and cappuccino at the touch of a button.,"Presented by Fnac.fr. The Magnifica S grinds beans on demand and pulls 15-bar espresso, with a manual steam wand for cappuccinos and lattes. A 1.8 L water tank and removable brew unit keep daily use and cleaning simple.","{""type"": ""Bean-to-cup"", ""pressure_bar"": 15, ""capacity_l"": 1.8, ""color"": ""Silver"", ""milk_frother"": ""Yes""}"
SKU-0137,Breville Barista Express,Breville,Coffee Machines,699.0,Hands-on espresso machine with an integrated grinder.,Presented by Fnac.fr. The Barista Express combines a conical burr grinder with a 15-bar pump for hands-on espresso making. A steam wand and dose control let home baristas dial in their shots and milk texture.,"{""type"": ""Espresso"", ""pressure_bar"": 15, ""capacity_l"": 2.0, ""color"": ""Stainless Steel"", ""milk_frother"": ""Yes""}"
SKU-0138,Nespresso Vertuo Next,Nespresso,Coffee Machines,149.0,Capsule machine for coffee and espresso at one touch.,Presented by Fnac.fr. The Vertuo Next brews a range of cup sizes from capsules using a centrifugal extraction system. A compact footprint and one-touch operation make it a simple option for everyday coffee.,"{""type"": ""Capsule"", ""pressure_bar"": 0, ""capacity_l"": 1.1, ""color"": ""Black"", ""milk_frother"": ""No""}"
SKU-0139,Philips 5400 Series LatteGo,Philips,Coffee Machines,749.0,Bean-to-cup machine with easy-clean milk system.,"Presented by Fnac.fr. The Philips 5400 Series grinds beans for a range of drinks, with a LatteGo milk system that rinses quickly. A touch display and multiple profiles make varied coffee menus straightforward at home.","{""type"": ""Bean-to-cup"", ""pressure_bar"": 15, ""capacity_l"": 1.8, ""color"": ""Black"", ""milk_frother"": ""Yes""}"
SKU-0140,Moccamaster KBG Select,Moccamaster,Coffee Machines,329.0,Precision filter machine for balanced batch coffee.,"Presented by Fnac.fr. The Moccamaster KBG Select brews filter coffee at an optimal temperature for a clean, balanced cup. A copper heating element and durable build make it a long-lasting choice for batch brewing.","{""type"": ""Filter"", ""pressure_bar"": 0, ""capacity_l"": 1.25, ""color"": ""Matte Black"", ""milk_frother"": ""No""}"
SKU-0141,Sage Bambino Plus,Sage,Coffee Machines,399.0,Compact espresso machine with automatic milk texturing.,Presented by Fnac.fr. The Bambino Plus packs 15-bar espresso and automatic milk texturing into a small footprint. Fast heat-up and easy steaming make it a tidy choice for small kitchens.,"{""type"": ""Espresso"", ""pressure_bar"": 15, ""capacity_l"": 1.9, ""color"": ""Stainless Steel"", ""milk_frother"": ""Yes""}"
SKU-0142,Smeg ECF01 Espresso Machine,Smeg,Coffee Machines,449.0,Retro-styled espresso machine for the home.,Presented by Fnac.fr. The Smeg ECF01 pairs 1950s-inspired styling with a 15-bar pump and a steam wand for espresso and milk drinks. A compact design and bold colours make it a statement piece for the kitchen.,"{""type"": ""Espresso"", ""pressure_bar"": 15, ""capacity_l"": 1.0, ""color"": ""Cream"", ""milk_frother"": ""Yes""}"
SKU-0143,Hario V60 Pour-Over Kit,Hario,Coffee Machines,39.0,Manual pour-over kit for hands-on brewing.,Presented by Fnac.fr. The Hario V60 kit supports manual pour-over brewing for control over extraction and flavour. A simple dripper and server make it a low-cost entry into specialty coffee.,"{""type"": ""Manual"", ""pressure_bar"": 0, ""capacity_l"": 0.6, ""color"": ""White"", ""milk_frother"": ""No""}"
SKU-0144,Jura E8,Jura,Coffee Machines,1399.0,Automatic bean-to-cup machine for varied drinks.,Presented by Fnac.fr. The Jura E8 grinds beans and prepares a wide menu of coffee and milk drinks at the touch of a button. An automatic milk system and self-cleaning cycles make it a low-effort premium option.,"{""type"": ""Bean-to-cup"", ""pressure_bar"": 15, ""capacity_l"": 1.9, ""color"": ""Chrome"", ""milk_frother"": ""Yes""}"
SKU-0145,Dyson V15 Detect,Dyson,Vacuum Cleaners,749.0,Cordless stick vacuum with a laser dust display.,Presented by Fnac.fr. The Dyson V15 Detect uses a laser to reveal fine dust and shows particle counts on its display. Strong suction and a swappable battery make it a thorough cordless cleaner for whole-home use.,"{""type"": ""Stick"", ""power_w"": 230, ""battery_life_min"": 60, ""dust_capacity_l"": 0.76, ""bagless"": ""Yes""}"
SKU-0146,iRobot Roomba j7+,iRobot,Vacuum Cleaners,599.0,Robot vacuum that empties itself and avoids obstacles.,Presented by Fnac.fr. The Roomba j7+ navigates around obstacles and empties itself into a sealed base after cleaning. Smart mapping and app scheduling make it a hands-off option for everyday floor care.,"{""type"": ""Robot"", ""power_w"": 40, ""battery_life_min"": 75, ""dust_capacity_l"": 0.4, ""bagless"": ""No""}"
SKU-0147,Shark Stratos Cordless,Shark,Vacuum Cleaners,449.0,Cordless vacuum with anti-hair-wrap brushroll.,Presented by Fnac.fr. The Shark Stratos Cordless pairs strong suction with an anti-hair-wrap brushroll for homes with pets. A removable battery and odour-neutralising tech make it a practical all-rounder.,"{""type"": ""Stick"", ""power_w"": 200, ""battery_life_min"": 60, ""dust_capacity_l"": 0.7, ""bagless"": ""Yes""}"
SKU-0148,Miele Triflex HX2,Miele,Vacuum Cleaners,599.0,Versatile cordless vacuum with flexible modes.,Presented by Fnac.fr. The Miele Triflex HX2 adapts between handheld and floor modes with a reconfigurable design. Strong suction and a durable build make it a long-lasting cordless choice.,"{""type"": ""Stick"", ""power_w"": 190, ""battery_life_min"": 60, ""dust_capacity_l"": 0.5, ""bagless"": ""Yes""}"
SKU-0149,Roborock S8 Pro Ultra,Roborock,Vacuum Cleaners,1499.0,Robot vacuum and mop with an all-in-one dock.,"Presented by Fnac.fr. The Roborock S8 Pro Ultra vacuums and mops, then self-empties, washes, and refills at its dock. Precise mapping and obstacle avoidance make it a comprehensive hands-off cleaner.","{""type"": ""Robot"", ""power_w"": 60, ""battery_life_min"": 180, ""dust_capacity_l"": 0.4, ""bagless"": ""No""}"
SKU-0150,Tineco Pure One S15,Tineco,Vacuum Cleaners,499.0,Smart cordless vacuum that adjusts suction.,Presented by Fnac.fr. The Tineco Pure One S15 uses a dust sensor to adjust suction automatically as it cleans. A clear display and removable battery make it an adaptable cordless cleaner.,"{""type"": ""Stick"", ""power_w"": 180, ""battery_life_min"": 50, ""dust_capacity_l"": 0.6, ""bagless"": ""Yes""}"
SKU-0151,Dyson V12 Detect Slim,Dyson,Vacuum Cleaners,599.0,Lightweight cordless vacuum with dust detection.,"Presented by Fnac.fr. The Dyson V12 Detect Slim offers laser dust detection in a lighter, more manageable body. Strong suction and an easy-empty bin make it a nimble choice for daily cleaning.","{""type"": ""Stick"", ""power_w"": 150, ""battery_life_min"": 60, ""dust_capacity_l"": 0.35, ""bagless"": ""Yes""}"
SKU-0152,Eufy RoboVac X10 Pro Omni,Eufy,Vacuum Cleaners,799.0,Self-cleaning robot vacuum and mop.,Presented by Fnac.fr. The Eufy RoboVac X10 Pro Omni vacuums and mops with a dock that empties and washes automatically. Smart navigation and app control make it a low-maintenance everyday helper.,"{""type"": ""Robot"", ""power_w"": 55, ""battery_life_min"": 120, ""dust_capacity_l"": 0.4, ""bagless"": ""No""}"
SKU-0153,Black+Decker Dustbuster AdvancedClean,Black+Decker,Vacuum Cleaners,59.0,Compact handheld vacuum for quick clean-ups.,Presented by Fnac.fr. The Dustbuster AdvancedClean handles spills and crumbs with a lightweight cordless design. A washable filter and easy-empty bin make it a handy car and home companion.,"{""type"": ""Handheld"", ""power_w"": 50, ""battery_life_min"": 20, ""dust_capacity_l"": 0.5, ""bagless"": ""Yes""}"
SKU-0154,Tefal Ingenio Expertise 10-Piece Set,Tefal,Cookware Sets,199.0,Space-saving non-stick set with detachable handles.,Presented by Fnac.fr. The Ingenio Expertise set uses detachable handles so pans stack neatly and move from hob to oven. A durable non-stick coating and induction base make it a flexible everyday choice.,"{""material"": ""Non-stick"", ""pieces"": 10, ""induction_compatible"": ""Yes"", ""dishwasher_safe"": ""Yes"", ""color"": ""Black""}"
SKU-0155,Le Creuset Signature 5-Piece Set,Le Creuset,Cookware Sets,899.0,Enamelled cast iron set for slow cooking and braising.,"Presented by Fnac.fr. The Le Creuset Signature set offers enamelled cast iron built for even heat and long-term durability. Oven-safe and induction-ready, it suits braising, stews, and slow-cooked dishes.","{""material"": ""Cast iron"", ""pieces"": 5, ""induction_compatible"": ""Yes"", ""dishwasher_safe"": ""Yes"", ""color"": ""Volcanic""}"
SKU-0156,All-Clad D3 Stainless 10-Piece Set,All-Clad,Cookware Sets,999.0,Tri-ply stainless steel set for precise cooking.,"Presented by Fnac.fr. The All-Clad D3 set uses tri-ply stainless steel for even heating and responsive temperature control. Oven- and induction-safe, it is built for searing, sauces, and everyday precision cooking.","{""material"": ""Stainless steel"", ""pieces"": 10, ""induction_compatible"": ""Yes"", ""dishwasher_safe"": ""Yes"", ""color"": ""Silver""}"
SKU-0157,GreenPan Valencia Pro 11-Piece Set,GreenPan,Cookware Sets,299.0,Ceramic non-stick set free of common coatings.,Presented by Fnac.fr. The Valencia Pro set features a ceramic non-stick coating designed for easy release and cleaning. An induction-compatible base and oven-safe build make it a versatile everyday set.,"{""material"": ""Ceramic"", ""pieces"": 11, ""induction_compatible"": ""Yes"", ""dishwasher_safe"": ""Yes"", ""color"": ""Grey""}"
SKU-0158,Tefal Jamie Oliver Quick & Easy 5-Piece Set,Tefal,Cookware Sets,159.0,Stainless steel set with a heat indicator.,"Presented by Fnac.fr. This stainless steel set includes a Thermo-Spot indicator that shows when pans reach cooking temperature. Induction-ready and dishwasher-safe, it covers everyday frying and boiling.","{""material"": ""Stainless steel"", ""pieces"": 5, ""induction_compatible"": ""Yes"", ""dishwasher_safe"": ""Yes"", ""color"": ""Silver""}"
SKU-0159,Ninja Foodi ZeroStick 5-Piece Set,Ninja,Cookware Sets,179.0,Durable non-stick set built for daily cooking.,Presented by Fnac.fr. The Ninja Foodi ZeroStick set offers a hard-wearing non-stick coating for low-effort everyday cooking. An induction base and oven-safe handles make it a practical all-round set.,"{""material"": ""Non-stick"", ""pieces"": 5, ""induction_compatible"": ""Yes"", ""dishwasher_safe"": ""Yes"", ""color"": ""Grey""}"
SKU-0160,Lodge Cast Iron 3-Piece Set,Lodge,Cookware Sets,99.0,Pre-seasoned cast iron for searing and baking.,"Presented by Fnac.fr. The Lodge Cast Iron set comes pre-seasoned and ready for searing, frying, and baking. Oven- and induction-safe, it is a durable, budget-friendly choice that improves with use.","{""material"": ""Cast iron"", ""pieces"": 3, ""induction_compatible"": ""Yes"", ""dishwasher_safe"": ""No"", ""color"": ""Black""}"
SKU-0161,Circulon Premier Professional 13-Piece Set,Circulon,Cookware Sets,249.0,Hard-anodised non-stick set with raised circles.,"Presented by Fnac.fr. The Circulon Premier set uses a hard-anodised body with raised circles to protect its non-stick coating. Induction-ready and oven-safe, it is built for frequent, varied cooking.","{""material"": ""Non-stick"", ""pieces"": 13, ""induction_compatible"": ""Yes"", ""dishwasher_safe"": ""Yes"", ""color"": ""Bronze""}"
SKU-0162,ProCook Elite Tri-Ply 5-Piece Set,ProCook,Cookware Sets,279.0,Tri-ply stainless steel set for responsive cooking.,"Presented by Fnac.fr. The ProCook Elite Tri-Ply set offers a tri-ply stainless body for even heat across the base and sides. Oven- and induction-safe, it suits searing, sauces, and precise everyday cooking.","{""material"": ""Stainless steel"", ""pieces"": 5, ""induction_compatible"": ""Yes"", ""dishwasher_safe"": ""Yes"", ""color"": ""Silver""}"
SKU-0163,Project Hail Mary,Penguin Random House,Books,12.99,A lone astronaut's mission to save humanity.,Presented by Fnac.fr. Project Hail Mary follows a lone astronaut who wakes with amnesia on a mission to avert an extinction event. Andy Weir blends problem-solving science with an engaging plot for readers who enjoy grounded science fiction.,"{""author"": ""Andy Weir"", ""genre"": ""Science Fiction"", ""format"": ""Paperback"", ""pages"": 496, ""language"": ""English""}"
SKU-0164,Atomic Habits,Penguin Random House,Books,16.99,A practical framework for building better habits.,"Presented by Fnac.fr. Atomic Habits lays out a system for forming good habits and breaking bad ones through small, consistent changes. James Clear offers actionable strategies for readers focused on personal improvement.","{""author"": ""James Clear"", ""genre"": ""Self-help"", ""format"": ""Hardcover"", ""pages"": 320, ""language"": ""English""}"
SKU-0165,Sapiens: A Brief History of Humankind,HarperCollins,Books,14.99,A sweeping account of human history.,"Presented by Fnac.fr. Sapiens traces the history of our species from early foragers to modern societies and economies. Yuval Noah Harari connects biology, culture, and history for readers interested in big-picture non-fiction.","{""author"": ""Yuval Noah Harari"", ""genre"": ""Non-fiction"", ""format"": ""Paperback"", ""pages"": 498, ""language"": ""English""}"
SKU-0166,The Midnight Library,Canongate Books,Books,9.99,A novel about the lives we might have lived.,Presented by Fnac.fr. The Midnight Library imagines a place between life and death where each book is a different life path. Matt Haig explores regret and possibility in a reflective story for fans of contemporary fiction.,"{""author"": ""Matt Haig"", ""genre"": ""Fiction"", ""format"": ""Paperback"", ""pages"": 304, ""language"": ""English""}"
SKU-0167,A Game of Thrones,HarperCollins,Books,11.99,The first volume of an epic fantasy saga.,"Presented by Fnac.fr. A Game of Thrones opens George R. R. Martin's saga of warring houses, shifting loyalties, and looming threats. Its intricate plotting and large cast make it a cornerstone of modern epic fantasy.","{""author"": ""George R. R. Martin"", ""genre"": ""Fantasy"", ""format"": ""Paperback"", ""pages"": 864, ""language"": ""English""}"
SKU-0168,Educated,HarperCollins,Books,13.99,A memoir of self-taught transformation.,"Presented by Fnac.fr. Educated recounts Tara Westover's path from an isolated upbringing to formal education and a doctorate. The memoir examines family, belief, and the cost of forging one's own way.","{""author"": ""Tara Westover"", ""genre"": ""Biography"", ""format"": ""Hardcover"", ""pages"": 352, ""language"": ""English""}"
SKU-0169,Gone Girl,Orion Publishing,Books,10.99,A twisting thriller about a marriage gone wrong.,"Presented by Fnac.fr. Gone Girl unspools the disappearance of a wife and the suspicion that falls on her husband. Gillian Flynn's sharp, unreliable narration drives a tense, twist-laden thriller.","{""author"": ""Gillian Flynn"", ""genre"": ""Thriller"", ""format"": ""Paperback"", ""pages"": 463, ""language"": ""English""}"
SKU-0170,Le Petit Prince,Gallimard,Books,8.99,A timeless fable of a traveller from the stars.,"Presented by Fnac.fr. Le Petit Prince follows a young traveller from a distant asteroid as he reflects on love, loss, and what matters. Antoine de Saint-Exupery's gentle fable continues to resonate with readers of all ages.","{""author"": ""Antoine de Saint-Exupery"", ""genre"": ""Children"", ""format"": ""Hardcover"", ""pages"": 96, ""language"": ""French""}"
SKU-0171,The Wonderful Wizard of Oz,Scholastic,Books,7.99,A classic children's adventure to a magical land.,Presented by Fnac.fr. The Wonderful Wizard of Oz follows Dorothy and her companions on a journey along the yellow brick road. L. Frank Baum's enduring tale remains a staple of children's literature.,"{""author"": ""L. Frank Baum"", ""genre"": ""Children"", ""format"": ""Paperback"", ""pages"": 160, ""language"": ""English""}"
SKU-0172,The Dark Side of the Moon,Pink Floyd Records,Vinyl Records,27.99,A landmark progressive rock album on vinyl.,"Presented by Fnac.fr. The Dark Side of the Moon presents Pink Floyd's seamless suite exploring time, money, and the mind. This LP pressing suits collectors and listeners who value the album as a continuous work.","{""artist"": ""Pink Floyd"", ""genre"": ""Rock"", ""format"": ""LP"", ""release_year"": 1973, ""rpm"": ""33""}"
SKU-0173,Rumours,Warner Records,Vinyl Records,25.99,Fleetwood Mac's enduring pop-rock classic.,"Presented by Fnac.fr. Rumours captures Fleetwood Mac's interpersonal tensions in a set of polished, melodic songs. This LP pressing remains a staple for fans of melodic pop-rock.","{""artist"": ""Fleetwood Mac"", ""genre"": ""Pop"", ""format"": ""LP"", ""release_year"": 1977, ""rpm"": ""33""}"
SKU-0174,Kind of Blue,Columbia Records,Vinyl Records,24.99,A defining modal jazz album on vinyl.,Presented by Fnac.fr. Kind of Blue gathers Miles Davis and his ensemble for an influential set of modal jazz. This LP pressing is a cornerstone choice for jazz listeners and collectors.,"{""artist"": ""Miles Davis"", ""genre"": ""Jazz"", ""format"": ""LP"", ""release_year"": 1959, ""rpm"": ""33""}"
SKU-0175,What's Going On,Motown Records,Vinyl Records,26.99,A soul classic addressing social themes.,"Presented by Fnac.fr. What's Going On weaves Marvin Gaye's reflections on war, ecology, and injustice into a flowing soul suite. This LP pressing remains a touchstone for soul and R&B collectors.","{""artist"": ""Marvin Gaye"", ""genre"": ""Soul"", ""format"": ""LP"", ""release_year"": 1971, ""rpm"": ""33""}"
SKU-0176,To Pimp a Butterfly,Aftermath Records,Vinyl Records,32.99,An acclaimed hip-hop double LP.,"Presented by Fnac.fr. To Pimp a Butterfly blends jazz, funk, and spoken word across Kendrick Lamar's ambitious narrative. This double LP pressing appeals to listeners who value the album's full sequencing.","{""artist"": ""Kendrick Lamar"", ""genre"": ""Hip-Hop"", ""format"": ""Double LP"", ""release_year"": 2015, ""rpm"": ""33""}"
SKU-0177,Random Access Memories,Columbia Records,Vinyl Records,34.99,Daft Punk's electronic-disco double LP.,Presented by Fnac.fr. Random Access Memories pairs Daft Punk's electronic production with live disco and funk musicianship. This double LP pressing is a favourite for fans of richly produced electronic music.,"{""artist"": ""Daft Punk"", ""genre"": ""Electronic"", ""format"": ""Double LP"", ""release_year"": 2013, ""rpm"": ""33""}"
SKU-0178,Symphony No. 9,Deutsche Grammophon,Vinyl Records,29.99,A celebrated recording of Beethoven's Ninth.,"Presented by Fnac.fr. This pressing presents Beethoven's Symphony No. 9, including the famous choral finale. It suits classical collectors who appreciate the work on vinyl.","{""artist"": ""Ludwig van Beethoven"", ""genre"": ""Classical"", ""format"": ""LP"", ""release_year"": 1963, ""rpm"": ""33""}"
SKU-0179,Blue,Reprise Records,Vinyl Records,26.99,Joni Mitchell's intimate folk landmark.,"Presented by Fnac.fr. Blue gathers Joni Mitchell's confessional songwriting in a spare, intimate folk setting. This LP pressing remains a key album for folk and singer-songwriter collectors.","{""artist"": ""Joni Mitchell"", ""genre"": ""Folk"", ""format"": ""LP"", ""release_year"": 1971, ""rpm"": ""33""}"
SKU-0180,Live at the Apollo (45 RPM Edition),King Records,Vinyl Records,31.99,A landmark live soul recording at 45 RPM.,Presented by Fnac.fr. This 45 RPM pressing captures James Brown's electrifying live performance with added fidelity. The faster speed appeals to collectors who prioritise sound quality.,"{""artist"": ""James Brown"", ""genre"": ""Soul"", ""format"": ""LP"", ""release_year"": 1963, ""rpm"": ""45""}"
SKU-0181,Dyson Supersonic,Dyson,Hair Dryers,399.0,Fast-drying hair dryer with heat control.,Presented by Fnac.fr. The Dyson Supersonic uses a compact digital motor and intelligent heat control to help protect hair from extreme temperatures. Magnetic attachments and a balanced design make it comfortable for daily styling.,"{""power_w"": 1600, ""color"": ""Iron/Fuchsia"", ""ionic"": ""Yes"", ""attachments"": ""Smoothing nozzle, Diffuser, Styling concentrator"", ""weight_g"": 659}"
SKU-0182,ghd Helios,ghd,Hair Dryers,179.0,"Lightweight dryer for fast, smooth results.","Presented by Fnac.fr. The ghd Helios pairs a high-speed motor with ionic technology to dry hair quickly while reducing frizz. A balanced, lightweight body makes it comfortable for everyday and professional use.","{""power_w"": 2200, ""color"": ""Black"", ""ionic"": ""Yes"", ""attachments"": ""Concentrator nozzle"", ""weight_g"": 600}"
SKU-0183,Shark HyperAIR,Shark,Hair Dryers,199.0,Multi-styler dryer with auto-wrap attachments.,Presented by Fnac.fr. The Shark HyperAIR combines fast drying with attachments that use airflow to style and curl. Ionic technology and heat control make it a versatile all-in-one styling tool.,"{""power_w"": 1600, ""color"": ""Stone"", ""ionic"": ""Yes"", ""attachments"": ""Auto-wrap curlers, Styling concentrator, Diffuser"", ""weight_g"": 700}"
SKU-0184,Revlon One-Step Volumizer Plus,Revlon,Hair Dryers,59.0,Hot air brush for drying and volumising in one step.,Presented by Fnac.fr. The Revlon One-Step Volumizer Plus combines a dryer and brush to smooth and add volume in a single pass. Ionic technology helps reduce frizz for an easy at-home blow-dry.,"{""power_w"": 1100, ""color"": ""Black"", ""ionic"": ""Yes"", ""attachments"": ""Oval brush head"", ""weight_g"": 550}"
SKU-0185,BaByliss Super Power Pro 2200,BaByliss,Hair Dryers,39.0,Powerful everyday dryer with multiple settings.,Presented by Fnac.fr. The BaByliss Super Power Pro 2200 offers strong airflow with multiple heat and speed settings for fast drying. Ionic conditioning and a slim nozzle make it a dependable everyday dryer.,"{""power_w"": 2200, ""color"": ""Black"", ""ionic"": ""Yes"", ""attachments"": ""Concentrator nozzle, Diffuser"", ""weight_g"": 500}"
SKU-0186,Remington Pro-Air Shine,Remington,Hair Dryers,34.0,Affordable dryer with ceramic coating.,Presented by Fnac.fr. The Remington Pro-Air Shine uses a ceramic coating and ionic technology to help reduce frizz and add shine. Multiple settings and a cool shot make it a budget-friendly everyday choice.,"{""power_w"": 2300, ""color"": ""Black"", ""ionic"": ""Yes"", ""attachments"": ""Concentrator nozzle, Diffuser"", ""weight_g"": 520}"
SKU-0187,Panasonic Nanoe EH-NA67,Panasonic,Hair Dryers,89.0,Dryer with moisture-rich nanoe technology.,Presented by Fnac.fr. The Panasonic Nanoe EH-NA67 releases fine moisture particles intended to help condition hair while drying. Multiple heat settings and a diffuser make it suitable for a range of hair types.,"{""power_w"": 1800, ""color"": ""Pink"", ""ionic"": ""Yes"", ""attachments"": ""Concentrator nozzle, Diffuser"", ""weight_g"": 555}"
SKU-0188,T3 AireLuxe,T3,Hair Dryers,199.0,Quiet dryer with adjustable heat and speed.,Presented by Fnac.fr. The T3 AireLuxe offers a quiet digital motor with independent heat and speed controls for tailored drying. Ionic technology helps smooth hair for a polished finish at home.,"{""power_w"": 1875, ""color"": ""White/Rose Gold"", ""ionic"": ""Yes"", ""attachments"": ""Concentrator nozzle, Diffuser"", ""weight_g"": 540}"
SKU-0189,Bosch BrilliantCare Keratin,Bosch,Hair Dryers,45.0,Everyday dryer with keratin-friendly settings.,"Presented by Fnac.fr. The Bosch BrilliantCare offers a dedicated lower-temperature mode aimed at gentler, keratin-friendly drying. Ionic conditioning and multiple settings make it a practical home dryer.","{""power_w"": 2000, ""color"": ""Black"", ""ionic"": ""Yes"", ""attachments"": ""Concentrator nozzle"", ""weight_g"": 480}"
SKU-0190,Oral-B iO Series 9,Oral-B,Electric Toothbrushes,299.0,Smart toothbrush with real-time brushing guidance.,Presented by Fnac.fr. The Oral-B iO Series 9 uses a quiet magnetic motor and app-connected sensors to guide brushing across the mouth. Multiple modes and a pressure sensor help support a consistent daily routine.,"{""color"": ""Black Onyx"", ""brushing_modes"": 7, ""battery_life_days"": 14, ""connectivity"": ""Bluetooth"", ""pressure_sensor"": ""Yes""}"
SKU-0191,Philips Sonicare DiamondClean 9000,Philips,Electric Toothbrushes,249.0,Sonic toothbrush with app-guided cleaning.,Presented by Fnac.fr. The Sonicare DiamondClean 9000 uses sonic technology and connected coaching to support thorough cleaning. Multiple modes and a pressure sensor help protect gums during daily use.,"{""color"": ""Pink"", ""brushing_modes"": 4, ""battery_life_days"": 14, ""connectivity"": ""Bluetooth"", ""pressure_sensor"": ""Yes""}"
SKU-0192,Oral-B Pro 3 3000,Oral-B,Electric Toothbrushes,79.0,Daily toothbrush with a visible pressure sensor.,Presented by Fnac.fr. The Oral-B Pro 3 3000 offers oscillating cleaning with a visible pressure sensor that alerts on hard brushing. Three modes and a two-week battery make it a solid everyday choice.,"{""color"": ""White"", ""brushing_modes"": 3, ""battery_life_days"": 14, ""connectivity"": ""None"", ""pressure_sensor"": ""Yes""}"
SKU-0193,Philips Sonicare ProtectiveClean 5100,Philips,Electric Toothbrushes,89.0,Sonic toothbrush with pressure protection.,Presented by Fnac.fr. The Sonicare ProtectiveClean 5100 delivers sonic cleaning with a pressure sensor and a brush-head reminder. Multiple modes and a two-week battery make it a dependable daily brush.,"{""color"": ""Blue"", ""brushing_modes"": 3, ""battery_life_days"": 14, ""connectivity"": ""None"", ""pressure_sensor"": ""Yes""}"
SKU-0194,Colgate hum,Colgate,Electric Toothbrushes,49.0,Connected toothbrush for everyday cleaning.,Presented by Fnac.fr. The Colgate hum pairs a sonic motor with an app that tracks coverage and brushing habits. A pressure sensor and rechargeable battery make it an accessible smart brush.,"{""color"": ""Teal"", ""brushing_modes"": 3, ""battery_life_days"": 10, ""connectivity"": ""Bluetooth"", ""pressure_sensor"": ""Yes""}"
SKU-0195,Oclean X Pro,Oclean,Electric Toothbrushes,69.0,Sonic toothbrush with a touchscreen display.,Presented by Fnac.fr. The Oclean X Pro features a colour touchscreen and app connectivity to track brushing zones and timing. A pressure sensor and long battery life make it a feature-rich daily brush.,"{""color"": ""Grey"", ""brushing_modes"": 4, ""battery_life_days"": 30, ""connectivity"": ""Bluetooth"", ""pressure_sensor"": ""Yes""}"
SKU-0196,Quip Smart Electric Toothbrush,Quip,Electric Toothbrushes,45.0,Slim sonic toothbrush with a simple design.,"Presented by Fnac.fr. The Quip Smart toothbrush offers a slim, travel-friendly design with a sonic motor and a built-in timer. App tracking and a guiding pressure cue make it a minimalist everyday option.","{""color"": ""Silver"", ""brushing_modes"": 1, ""battery_life_days"": 90, ""connectivity"": ""Bluetooth"", ""pressure_sensor"": ""No""}"
SKU-0197,Fairywill P11,Fairywill,Electric Toothbrushes,29.0,Affordable sonic toothbrush with multiple modes.,"Presented by Fnac.fr. The Fairywill P11 delivers sonic cleaning with several modes and a long-lasting battery at a low price. A built-in timer makes it an easy, budget-friendly daily brush.","{""color"": ""Black"", ""brushing_modes"": 5, ""battery_life_days"": 30, ""connectivity"": ""None"", ""pressure_sensor"": ""No""}"
SKU-0198,Spotlight Oral Care Sonic Toothbrush,Spotlight Oral Care,Electric Toothbrushes,99.0,Sonic toothbrush with multiple cleaning modes.,Presented by Fnac.fr. The Spotlight Oral Care Sonic Toothbrush offers several cleaning modes and a guiding timer for a consistent routine. A long battery life and a pressure sensor make it a well-rounded daily brush.,"{""color"": ""Rose Gold"", ""brushing_modes"": 4, ""battery_life_days"": 30, ""connectivity"": ""None"", ""pressure_sensor"": ""Yes""}"
